{"mean":{"confidence_interval":{"confidence_level":0.95,"lower_bound":0.979755862849189,"upper_bound":1.5581172942899952},"point_estimate":1.268762385123226,"standard_error":0.14806379091801353},"median":{"confidence_interval":{"confidence_level":0.95,"lower_bound":0.6549982468704489,"upper_bound":1.4302428511550278},"point_estimate":1.0345278246071508,"standard_error":0.2041854241781982}}