{"mean":{"confidence_interval":{"confidence_level":0.95,"lower_bound":0.9391865180493313,"upper_bound":1.7603082394778458},"point_estimate":1.3085994604656737,"standard_error":0.20923315901882492},"median":{"confidence_interval":{"confidence_level":0.95,"lower_bound":0.4885977550519707,"upper_bound":1.6925093811188043},"point_estimate":1.0768430742869186,"standard_error":0.3184766894923184}}