{"mean":{"confidence_interval":{"confidence_level":0.95,"lower_bound":0.7100360494304365,"upper_bound":1.34644325461547},"point_estimate":0.988083236674371,"standard_error":0.16386116281422405},"median":{"confidence_interval":{"confidence_level":0.95,"lower_bound":0.10375457868035798,"upper_bound":0.9814229238393835},"point_estimate":0.547735112051392,"standard_error":0.25541409012212857}}