{"mean":{"confidence_interval":{"confidence_level":0.95,"lower_bound":-0.535211499433421,"upper_bound":-0.4435379661664715},"point_estimate":-0.49229741761962253,"standard_error":0.023283549983206486},"median":{"confidence_interval":{"confidence_level":0.95,"lower_bound":-0.4592755433090635,"upper_bound":-0.34629100571957316},"point_estimate":-0.4097360407835804,"standard_error":0.028994564936364254}}