{"mean":{"confidence_interval":{"confidence_level":0.95,"lower_bound":1.8076461539767525,"upper_bound":2.940176899210883},"point_estimate":2.3207598356399464,"standard_error":0.2887329061200367},"median":{"confidence_interval":{"confidence_level":0.95,"lower_bound":1.1182558955568527,"upper_bound":1.8502171591237675},"point_estimate":1.4812645503356618,"standard_error":0.19117637614967467}}