{"mean":{"confidence_interval":{"confidence_level":0.95,"lower_bound":0.8365547388262142,"upper_bound":1.2178304840099758},"point_estimate":1.0138304374083829,"standard_error":0.0954779348173103},"median":{"confidence_interval":{"confidence_level":0.95,"lower_bound":0.5014879941606705,"upper_bound":0.7597162646332101},"point_estimate":0.5962707199961497,"standard_error":0.06514753158203056}}