{"mean":{"confidence_interval":{"confidence_level":0.95,"lower_bound":-0.1644512892721912,"upper_bound":-0.03656327864500055},"point_estimate":-0.101323147838286,"standard_error":0.03258166171482498},"median":{"confidence_interval":{"confidence_level":0.95,"lower_bound":-0.17628934655962236,"upper_bound":-0.027247205963398503},"point_estimate":-0.12797752365660786,"standard_error":0.03980734851665932}}