{"mean":{"confidence_interval":{"confidence_level":0.95,"lower_bound":-0.24253543633776317,"upper_bound":-0.11747505356735465},"point_estimate":-0.18540360330683203,"standard_error":0.032025999973822925},"median":{"confidence_interval":{"confidence_level":0.95,"lower_bound":-0.20975772021402173,"upper_bound":-0.09566385418441414},"point_estimate":-0.13195583116739817,"standard_error":0.03660445976639048}}