{"mean":{"confidence_interval":{"confidence_level":0.95,"lower_bound":18229478.364,"upper_bound":22340630.651},"point_estimate":20196238.0,"standard_error":1053845.4119145535},"median":{"confidence_interval":{"confidence_level":0.95,"lower_bound":14046304.0,"upper_bound":18452907.0},"point_estimate":15975290.5,"standard_error":1212814.2727008837},"median_abs_dev":{"confidence_interval":{"confidence_level":0.95,"lower_bound":3285822.5698649883,"upper_bound":8506085.2465868},"point_estimate":5769134.530377388,"standard_error":1433387.447206407},"slope":null,"std_dev":{"confidence_interval":{"confidence_level":0.95,"lower_bound":8041508.3901311,"upper_bound":13012623.16822235},"point_estimate":10571028.637065705,"standard_error":1277249.793027906}}