{"mean":{"confidence_interval":{"confidence_level":0.95,"lower_bound":-0.5398513767153896,"upper_bound":-0.4350564084669305},"point_estimate":-0.4893618588557215,"standard_error":0.026999735193698627},"median":{"confidence_interval":{"confidence_level":0.95,"lower_bound":-0.5966203541469017,"upper_bound":-0.4905923074259133},"point_estimate":-0.5419798361391228,"standard_error":0.025149659629220722}}