{"mean":{"confidence_interval":{"confidence_level":0.95,"lower_bound":797014.5777777783,"upper_bound":949270.6170555558},"point_estimate":870371.3022222224,"standard_error":38742.90490491994},"median":{"confidence_interval":{"confidence_level":0.95,"lower_bound":676019.4444444445,"upper_bound":820378.3333333333},"point_estimate":750237.9444444445,"standard_error":32462.105524528364},"median_abs_dev":{"confidence_interval":{"confidence_level":0.95,"lower_bound":217991.4513965449,"upper_bound":384960.8720322449},"point_estimate":306882.21541841835,"standard_error":42159.710533476384},"slope":null,"std_dev":{"confidence_interval":{"confidence_level":0.95,"lower_bound":309757.9740913289,"upper_bound":459792.3124806083},"point_estimate":388653.71752959694,"standard_error":38337.9194685562}}