{"mean":{"confidence_interval":{"confidence_level":0.95,"lower_bound":-0.45096136304971063,"upper_bound":-0.36243874389663555},"point_estimate":-0.4086066735189604,"standard_error":0.02261973622727832},"median":{"confidence_interval":{"confidence_level":0.95,"lower_bound":-0.428613756639426,"upper_bound":-0.32479040476758303},"point_estimate":-0.38403672215465223,"standard_error":0.028750616802181463}}